,frame_path,moondream
0,UrbanCreativision/video_folder\instance_0_\frames\frame_16908_.jpg,"
The scene captures a man walking across an empty street at night. He is wearing a backpack and appears to be in motion, possibly heading towards his destination or returning from one. The street has multiple cars parked along its sides, as well as some moving vehicles further down the road. A bus can also be seen on the right side of the scene.

There are several other people present in the image, but they seem to be relatively small and not directly involved with the main subject â€“ the man walking across the street at night."
1,UrbanCreativision/video_folder\instance_0_\frames\frame_19155_.jpg,"
The scene is a city street at night, with multiple cars parked along the side of the road. There are several people walking on the sidewalk near the parked vehicles and trees in the background. A bus stop can be seen further down the street, where some individuals might be waiting for public transportation. The overall atmosphere appears to be calm and quiet as the city sleeps at night."
2,UrbanCreativision/video_folder\instance_0_\frames\frame_31724_.jpg,"
The scene is a city street at night, with a crosswalk and a sidewalk. The street appears to be empty of any pedestrians or vehicles. There are several cars parked along the side of the road, as well as some moving through the area. A bus stop can also be seen in the background. Trees line both sides of the street, providing a touch of greenery amidst the urban setting."
3,UrbanCreativision/video_folder\instance_0_\frames\frame_37335_.jpg,"
The scene depicts a person walking across an intersection at night. The individual is wearing a backpack and appears to be in a hurry, possibly running or walking quickly towards their destination. There are multiple cars parked along the street, with one car on the left side of the road and another further back on the right side. 

In addition to the person crossing the street, there are two other people visible in the scene - one standing near a tree on the left side and another person walking towards them from the right side. The overall atmosphere suggests an urban setting with various elements contributing to the nighttime ambiance."
4,UrbanCreativision/video_folder\instance_0_\frames\frame_38665_.jpg,"
The scene is a city street at night, with multiple cars driving down it. There are several vehicles in various positions on the road, including one car that appears to be moving away from the camera and another closer to the foreground. The streetlights illuminate the area, creating an atmosphere of activity and movement. A person can also be seen standing near the edge of the scene, possibly waiting for someone or observing the surroundings."
